id,first_name,last_name,email,gender,ip_address
1,Lanie,MacCoveney,lmaccoveney0@sphinn.com,Female,109.143.51.217
2,Casie,Kinnane,ckinnane1@buzzfeed.com,Female,88.83.213.30
3,Isidore,Splevins,isplevins2@vinaora.com,Male,194.175.166.4
4,Perren,Axell,paxell3@issuu.com,Male,94.243.244.17
5,Ware,Brik,wbrik4@businessinsider.com,Male,73.85.79.240
6,Iseabal,Biesinger,ibiesinger5@nhs.uk,Female,209.241.102.247
7,Cleavland,Leedal,cleedal6@trellian.com,Male,95.232.67.246
8,Melantha,Venus,mvenus7@t-online.de,Female,43.25.103.82
9,Nichol,Belderfield,nbelderfield8@furl.net,Female,24.78.213.58
10,Marie,Raxworthy,mraxworthy9@businessweek.com,Female,16.158.35.196
